{"mean":{"confidence_interval":{"confidence_level":0.95,"lower_bound":13090771.909761906,"upper_bound":13328960.543639457},"point_estimate":13200289.140068028,"standard_error":61111.54020231792},"median":{"confidence_interval":{"confidence_level":0.95,"lower_bound":13086772.981292516,"upper_bound":13276713.404761905},"point_estimate":13170401.239285715,"standard_error":52435.93905345485},"median_abs_dev":{"confidence_interval":{"confidence_level":0.95,"lower_bound":25187.2265564103,"upper_bound":292148.95592403173},"point_estimate":124912.42952236248,"standard_error":64964.65889408415},"slope":{"confidence_interval":{"confidence_level":0.95,"lower_bound":13118725.52467823,"upper_bound":13323911.558197472},"point_estimate":13208550.90760668,"standard_error":51835.12583421715},"std_dev":{"confidence_interval":{"confidence_level":0.95,"lower_bound":72529.54231211042,"upper_bound":289094.13483938284},"point_estimate":203919.8587182764,"standard_error":59598.55116391965}}